5892,mrpb
7685,skxd
0051,movsilh
0072,bjirgp
0194,gmptco
0243,phxvmxzb
0544,tffhxil
0551,lehovn
0706,bswdpu
0726,ceagjxm
0821,wuvbzrr
0853,afsrl
1020,hmccemzz
1046,fajqsx
1149,kqldv
1196,psrueug
1224,clxr
1270,uswo
1291,uxoyibv
1553,qdhwm
1555,avohfc
1619,xmerwdxb
1635,dgxpu
1654,onrw
1853,erqxa
1977,yubnv
1982,iohf
1989,lzej
2063,ezjzo
2123,nqdvzjf
2256,jzlyvdyh
2472,nyjtbprt
2560,nmmvmib
2665,frqtxl
2834,yvzkcc
3066,rism
3104,ajvemyw
3117,hyxqg
3440,sifodplp
3569,kxxrpkp
3750,zojqtdwy
3759,quqp
3799,vndmgb
3802,xsdnnnal
4026,rjvgspac
4031,opqval
4135,vtsjmago
4381,gvyxyyys
4513,azzqavs
4577,kjpxr
4742,zbnlcc
4813,kaquptd
4967,nyelwpw
5096,izztlco
5202,wgnmk
5216,jjjtew
5233,otexvp
5301,mtjd
5344,zrkcowf
5365,ypfbfdc
5412,igiwmdd
5426,hqboedo
5564,axqnjng
5594,bgiqv
5615,jrohx
5649,suucl
5718,lqyzrcsc
5748,dumvcrcj
5815,ynfrvu
5857,pwnj
5947,cria
5950,dkpez
5960,udvbhilf
6257,uqgsof
6323,bfjg
6447,kgmu
6473,mpnmz
6491,qamn
6532,wzjel
6745,lhwlwilq
6843,jehwfzk
7009,ptutsu
7018,kpyei
7032,sbcehsm
7058,qluu
7119,fqkb
7190,qjcp
7293,uhxadpxv
7337,ptwa
7355,sfkn
7367,flxereel
7489,xxtomj
7594,lxjs
7618,hmlkrnjj
7639,wsajyuy
7663,jnylnd
7742,ambsu
7752,vkkvcipx
7850,oojftn
7881,bdluct
7884,surghhfz
7950,olhj
7981,bhxije
8086,venzrarf
8102,oleoaiyq
8254,rzjcjlzm
8279,yphnmh
8668,mnzlv
8685,kfyxhqj
8769,wlpiev
9123,qpknutji
9134,plbgonr
9284,fexio
9333,qvfwewox
9334,nfkcroty
9612,ukofnk
9671,gbxy
9780,uysb
9862,vnatgk
9887,egsu