1224,clxr
5615,jrohx
9671,gbxy
3104,ajvemyw
5748,dumvcrcj
0194,gmptco
1196,psrueug
8685,kfyxhqj
0551,lehovn
5216,jjjtew
0853,afsrl
1982,iohf
5426,hqboedo
1977,yubnv
0726,ceagjxm
6257,uqgsof
2560,nmmvmib
1149,kqldv
5344,zrkcowf
2472,nyjtbprt
0706,bswdpu
5202,wgnmk
0072,bjirgp
6532,wzjel
5301,mtjd
1046,fajqsx
7850,oojftn
7058,qluu
1270,uswo
9612,ukofnk
5233,otexvp
0051,movsilh
1989,lzej
7018,kpyei
1291,uxoyibv
1619,xmerwdxb
7190,qjcp
5950,dkpez
7355,sfkn
5594,bgiqv
5815,ynfrvu
9862,vnatgk
2256,jzlyvdyh
0243,phxvmxzb
9134,plbgonr
6745,lhwlwilq
5960,udvbhilf
4813,kaquptd
7981,bhxije
7594,lxjs
6843,jehwfzk
9887,egsu
8279,yphnmh
5718,lqyzrcsc
7293,uhxadpxv
7742,ambsu
3440,sifodplp
7618,hmlkrnjj
6447,kgmu
7367,flxereel
5857,pwnj
1020,hmccemzz
7032,sbcehsm
7663,jnylnd
9284,fexio
6473,mpnmz
4031,opqval
4742,zbnlcc
6323,bfjg
3066,rism
7884,surghhfz
4135,vtsjmago
3569,kxxrpkp
7752,vkkvcipx
2063,ezjzo
2834,yvzkcc
6491,qamn
7337,ptwa
8668,mnzlv
7119,fqkb
0821,wuvbzrr
9123,qpknutji
0544,tffhxil
5947,cria
1654,onrw
7489,xxtomj
5564,axqnjng
3117,hyxqg
3802,xsdnnnal
4967,nyelwpw
7639,wsajyuy
8086,venzrarf
1553,qdhwm
9780,uysb
3799,vndmgb
5365,ypfbfdc
1853,erqxa
4381,gvyxyyys
8254,rzjcjlzm
7685,skxd
7009,ptutsu
2123,nqdvzjf
3750,zojqtdwy
5892,mrpb
9333,qvfwewox
5096,izztlco
3759,quqp
5649,suucl
4577,kjpxr
1635,dgxpu
8769,wlpiev
4513,azzqavs
1555,avohfc
4026,rjvgspac
5412,igiwmdd
7950,olhj
8102,oleoaiyq
2665,frqtxl
9334,nfkcroty
7881,bdluct
